﻿<?xml version="1.0" encoding="utf-8" ?>
<TrustFrameworkPolicy 
  xmlns:xsi="http://www.w3.org/2001/XMLSchema-instance" 
  xmlns:xsd="http://www.w3.org/2001/XMLSchema" 
  xmlns="http://schemas.microsoft.com/online/cpim/schemas/2013/06" 
  PolicySchemaVersion="0.3.0.0" 
  TenantId="hcpfsrv001b2cdev.onmicrosoft.com" 
  PolicyId="B2C_1A_TrustFrameworkExtensions_MailValidationTest" 
  PublicPolicyUri="http://yourtenant.onmicrosoft.com/B2C_1A_TrustFrameworkExtensions_MailValidationTest">
  
  <BasePolicy>
    <TenantId>hcpfsrv001b2cdev.onmicrosoft.com</TenantId>
    <PolicyId>B2C_1A_TrustFrameworkLocalization_MailValidationTest</PolicyId>
  </BasePolicy>
  <BuildingBlocks>

  </BuildingBlocks>

  <ClaimsProviders>


    <ClaimsProvider>
      <DisplayName>Local Account SignIn</DisplayName>
      <TechnicalProfiles>
         <TechnicalProfile Id="login-NonInteractive">
          <Metadata>
            <Item Key="client_id">ProxyIdentityExperienceFrameworkAppId</Item>
            <Item Key="IdTokenAudience">IdentityExperienceFrameworkAppId</Item>
          </Metadata>
          <InputClaims>
            <InputClaim ClaimTypeReferenceId="client_id" DefaultValue="ProxyIdentityExperienceFrameworkAppId" />
            <InputClaim ClaimTypeReferenceId="resource_id" PartnerClaimType="resource" DefaultValue="IdentityExperienceFrameworkAppId" />
          </InputClaims>
        </TechnicalProfile>
      </TechnicalProfiles>
    </ClaimsProvider>

  </ClaimsProviders>

    <!--UserJourneys>
	
	</UserJourneys-->

</TrustFrameworkPolicy>
